abortion,,,,
afghanistan,,,,
after-the-fact,post facto,,,
agriculture,,,,
Alcohol,,,,
animals,,,,
autism,,,,
automatic-voter-registration,voter registration,,,
bankruptcy,Chapter 11,,,
baseball,MLB,Major League Baseball,,
bipartisanship,,,,
bush-administration,Bush,,,
campaign-finance,finance reform,fundraising,,
candidates-biography,,,,
cap-and-trade,carbon tax,,,
census,U.S. Census,2020 Census,,
children,,,,
china,,,,
city-budget,,,,
city-government,,,,
civil-rights,,,,
climate-change,global warming,,,
congress,congressional,,,
congressional-rules,,,,
consumer-safety,CFPB,,,
corporations,companies,,,
corrections-and-updates,,,,
county-budget,,,,
county-government,,,,
crime,,,,
criminal-justice,justice system,criminal justice reform,,
death-penalty,,,,
debates,,,,
debt,national debt,debt ceiling,,
deficit,national defecit,the deficit,,
disability,ADA,,,
diversity,,,,
drivers-licenses,,,,
drugs,heroin,opoids,cocaine,marijuana
ebola,ebola virus,,,
economy,wages,GDP,,
education,schools,teachers,,
elections,election,,,
energy,solar power,nuclear power,power plants,oil
environment,EPA,conservation,,
ethics,,,,
fake-news,mainstream media,,,
families,family,family values,,
federal-budget,budget,,,
financial-regulation,,,,
fires,wildfire,,,
florida,,,,
florida-amendments,,,,
food,,,,
food-safety,,,,
foreign-policy,,,,
gambling,,,,
gas-prices,,,,
gays-and-lesbians,LGBT,LGBTQ,LGBTQIA,
government-efficiency,,,,
government-regulation,,,,
guns,2nd amendment,gun control,,
health-care,ACA,Obamacare,,
history,,,,
homeland-security,DHS,Department of Homeland Security,,
homeless,,,,
housing,HUD,,,
human-rights,,,,
hunger,,,,
immigration,,,,
income,,,,
infrastructure,bridges,roads,,
iran,,,,
iraq,,,,
islam,,,,
israel,Jerusalem,Palestine,,
job-accomplishments,,,,
jobs,job growth,,,
kagan-nomination,,,,
katrina,Hurricane Katrina,,,
labor,,,,
legal-issues,,,,
lottery,,,,
marijuana,pot,weed,cannabis,
marriage,gay marriage,,,
medicaid,,,,
medicare,,,,
message-machine,,,,
message-machine-2012,,,,
message-machine-2014,,,,
military,,,,
natural-disasters,,,,
campaign-advertising,campaign finance,,,
new-hampshire-2012,,,,
nightlife,,,,
nuclear,,,,
obama-birth-certificate,birther,,,
occupy-wall-street,,,,
oil-spill,,,,
patriotism,,,,
pensions,,,,
politifacts-top-promises,,,,
polls,polling,,,
pop-culture,,,,
population,,,,
poverty,,,,
privacy,,,,
public-health,,,,
public-safety,,,,
public-service,,,,
pundits,,,,
recreation,,,,
redistricting,gerrymandering,,,
market-regulation,,,,
religion,,,,
retirement,,,,
science,,,,
second-term-promise,,,,
sexuality,,,,
small-business,,,,
social-security,,,,
sotomayor-nomination,,,,
space,,,,
sports,,,,
state-budget,,,,
state-finances,,,,
state-government-spending,,,,
states,,,,
stimulus,,,,
supreme-court,,,,
10-news-tampa-bay,,,,
taxes,tax cuts,tax bill,,
technology,,,,
terrorism,ISIS,ISIL,,
2018-california-governors-race,,,,
colbert-report,,,,
abc-news-week,,,,
tourism,,,,
trade,NAFTA,trade deficit,,
transparency,,,,
transportation,,,,
unions,,,,
urban,,,,
veterans,,,,
voting-record,,,,
water,,,,
wealth,,,,
weather,,,,
welfare,,,,
women,MeToo,womens rights,,
workers,,,,
workers-compensation,,,,